path,bytes,mutable
00_START_HERE/CANONICAL_SOURCES_v1.1.json,14348,NO
00_START_HERE/GLOSSARY_EN_GB.md,1063,NO
00_START_HERE/QUALIFICATION_BASELINE_v1.1.md,1018,NO
00_START_HERE/QUICK_START_EN_GB.md,457,NO
00_START_HERE/README.md,1485,NO
00_START_HERE/S10_INTERACTIVE_ULTRA_BEGINNER_GUIDE_EN_GB_v1.2.1.html,804758,NO
00_START_HERE/SOURCES.md,1640,NO
00_START_HERE/SOURCE_DERIVATION_MAP_v1.2.1.json,20233,NO
00_START_HERE/SOURCE_NOTES.md,2993,NO
00_START_HERE/assets/IMG01_EXTRACT_ROOT.png,47550,NO
00_START_HERE/assets/IMG02_PROJECT_ROLES.png,50277,NO
00_START_HERE/assets/IMG03_STATE_OWNERSHIP.png,49748,NO
00_START_HERE/assets/IMG04_REDUCER_ACTIONS.png,50140,NO
00_START_HERE/assets/IMG05_PROVIDER_HOOKS.png,47781,NO
00_START_HERE/assets/IMG06_PROVIDER_ISOLATION.png,46034,NO
00_START_HERE/assets/IMG07_LOCAL_LIFETIME.png,43063,NO
00_START_HERE/assets/IMG08_P02_OPTIONAL.png,50145,NO
00_START_HERE/assets/IMG09_ADR_GATES.png,52342,NO
00_START_HERE/assets/IMG10_GEMINI_AUDIT.png,49321,NO
00_START_HERE/assets/IMG11_EVIDENCE_CLASSES.png,47509,NO
00_START_HERE/assets/IMG12_MOODLE_PDF.png,46715,NO
01_WORKSHEET/REQUIRED_STATE_ADR_S10_v1.2.1_EN_GB.docx,37799,NO
01_WORKSHEET/STUDENT_WORKSHEET_S10_v1.2.1_EN_GB.docx,38292,NO
02_PROJECTS/P01_SHARED_WORKSHOP_STATE/CONTRACT.md,1108,NO
02_PROJECTS/P01_SHARED_WORKSHOP_STATE/SPEC_SOURCE_EXACT.md,6254,NO
02_PROJECTS/P01_SHARED_WORKSHOP_STATE/spec.md,7371,NO
02_PROJECTS/P01_SHARED_WORKSHOP_STATE/student/README.md,589,NO
02_PROJECTS/P01_SHARED_WORKSHOP_STATE/student/evidence/prop-drilled-app.jsx,642,NO
02_PROJECTS/P01_SHARED_WORKSHOP_STATE/student/index.html,257,NO
02_PROJECTS/P01_SHARED_WORKSHOP_STATE/student/package-lock.json,69436,NO
02_PROJECTS/P01_SHARED_WORKSHOP_STATE/student/package.json,769,NO
02_PROJECTS/P01_SHARED_WORKSHOP_STATE/student/s10_checks/additional.check.jsx,1509,NO
02_PROJECTS/P01_SHARED_WORKSHOP_STATE/student/s10_checks/config.js,119,NO
02_PROJECTS/P01_SHARED_WORKSHOP_STATE/student/src/App.jsx,3000,NO
02_PROJECTS/P01_SHARED_WORKSHOP_STATE/student/src/main.jsx,188,NO
02_PROJECTS/P01_SHARED_WORKSHOP_STATE/student/src/sessions.js,636,NO
02_PROJECTS/P01_SHARED_WORKSHOP_STATE/student/src/state/workshop-state.jsx,558,YES
02_PROJECTS/P01_SHARED_WORKSHOP_STATE/student/src/styles.css,373,NO
02_PROJECTS/P01_SHARED_WORKSHOP_STATE/student/tests/baseline.test.jsx,861,NO
02_PROJECTS/P01_SHARED_WORKSHOP_STATE/student/tests/objective.test.jsx,2695,NO
02_PROJECTS/P01_SHARED_WORKSHOP_STATE/student/tests/regression.test.jsx,1140,NO
02_PROJECTS/P01_SHARED_WORKSHOP_STATE/student/tests/setup.js,149,NO
02_PROJECTS/P01_SHARED_WORKSHOP_STATE/student/vite.config.js,221,NO
02_PROJECTS/P02_NOTIFICATION_CENTER_OPTIONAL/CONTRACT.md,1039,NO
02_PROJECTS/P02_NOTIFICATION_CENTER_OPTIONAL/SPEC_SOURCE_EXACT.md,6722,NO
02_PROJECTS/P02_NOTIFICATION_CENTER_OPTIONAL/spec.md,7251,NO
02_PROJECTS/P02_NOTIFICATION_CENTER_OPTIONAL/student/README.md,385,NO
02_PROJECTS/P02_NOTIFICATION_CENTER_OPTIONAL/student/index.html,260,NO
02_PROJECTS/P02_NOTIFICATION_CENTER_OPTIONAL/student/package-lock.json,75384,NO
02_PROJECTS/P02_NOTIFICATION_CENTER_OPTIONAL/student/package.json,869,NO
02_PROJECTS/P02_NOTIFICATION_CENTER_OPTIONAL/student/s10_checks/additional.check.jsx,2216,NO
02_PROJECTS/P02_NOTIFICATION_CENTER_OPTIONAL/student/s10_checks/config.js,119,NO
02_PROJECTS/P02_NOTIFICATION_CENTER_OPTIONAL/student/src/App.jsx,3897,NO
02_PROJECTS/P02_NOTIFICATION_CENTER_OPTIONAL/student/src/main.jsx,395,NO
02_PROJECTS/P02_NOTIFICATION_CENTER_OPTIONAL/student/src/notifications-api.js,603,NO
02_PROJECTS/P02_NOTIFICATION_CENTER_OPTIONAL/student/src/store/notifications-slice.js,920,YES
02_PROJECTS/P02_NOTIFICATION_CENTER_OPTIONAL/student/src/store/store.js,375,NO
02_PROJECTS/P02_NOTIFICATION_CENTER_OPTIONAL/student/src/styles.css,341,NO
02_PROJECTS/P02_NOTIFICATION_CENTER_OPTIONAL/student/tests/baseline.test.jsx,1013,NO
02_PROJECTS/P02_NOTIFICATION_CENTER_OPTIONAL/student/tests/helpers.js,329,NO
02_PROJECTS/P02_NOTIFICATION_CENTER_OPTIONAL/student/tests/objective.test.jsx,5019,NO
02_PROJECTS/P02_NOTIFICATION_CENTER_OPTIONAL/student/tests/regression.test.jsx,656,NO
02_PROJECTS/P02_NOTIFICATION_CENTER_OPTIONAL/student/tests/setup.js,149,NO
02_PROJECTS/P02_NOTIFICATION_CENTER_OPTIONAL/student/vite.config.js,216,NO
02_PROJECTS/P03_ARCHITECTURE_COMPARISON/CONTRACT.md,1171,NO
02_PROJECTS/P03_ARCHITECTURE_COMPARISON/SPEC_SOURCE_EXACT.md,6919,NO
02_PROJECTS/P03_ARCHITECTURE_COMPARISON/spec.md,8331,NO
02_PROJECTS/P03_ARCHITECTURE_COMPARISON/student/README.md,468,NO
02_PROJECTS/P03_ARCHITECTURE_COMPARISON/student/index.html,264,NO
02_PROJECTS/P03_ARCHITECTURE_COMPARISON/student/package-lock.json,69458,NO
02_PROJECTS/P03_ARCHITECTURE_COMPARISON/student/package.json,779,NO
02_PROJECTS/P03_ARCHITECTURE_COMPARISON/student/s10_checks/additional.check.jsx,1416,NO
02_PROJECTS/P03_ARCHITECTURE_COMPARISON/student/s10_checks/config.js,119,NO
02_PROJECTS/P03_ARCHITECTURE_COMPARISON/student/src/App.jsx,1489,NO
02_PROJECTS/P03_ARCHITECTURE_COMPARISON/student/src/candidates/ContextPreferences.jsx,990,NO
02_PROJECTS/P03_ARCHITECTURE_COMPARISON/student/src/candidates/LiftedPreferences.jsx,632,NO
02_PROJECTS/P03_ARCHITECTURE_COMPARISON/student/src/decision/compare-architectures.js,378,YES
02_PROJECTS/P03_ARCHITECTURE_COMPARISON/student/src/decision/evidence.js,822,NO
02_PROJECTS/P03_ARCHITECTURE_COMPARISON/student/src/decision/scenarios.js,596,NO
02_PROJECTS/P03_ARCHITECTURE_COMPARISON/student/src/main.jsx,187,NO
02_PROJECTS/P03_ARCHITECTURE_COMPARISON/student/src/styles.css,430,NO
02_PROJECTS/P03_ARCHITECTURE_COMPARISON/student/tests/baseline.test.jsx,1247,NO
02_PROJECTS/P03_ARCHITECTURE_COMPARISON/student/tests/objective-view.test.jsx,806,NO
02_PROJECTS/P03_ARCHITECTURE_COMPARISON/student/tests/objective.test.js,2558,NO
02_PROJECTS/P03_ARCHITECTURE_COMPARISON/student/tests/regression.test.jsx,809,NO
02_PROJECTS/P03_ARCHITECTURE_COMPARISON/student/tests/setup.js,149,NO
02_PROJECTS/P03_ARCHITECTURE_COMPARISON/student/vite.config.js,216,NO
03_AI_AUDIT/FLAWED_PATCH_OR_CLAIM.txt,365,NO
03_AI_AUDIT/GEMINI_AUDIT_WORKSHEET_EN_GB.md,586,NO
03_AI_AUDIT/GEMINI_PROMPT_EN_GB.txt,831,NO
04_OFFLINE_FALLBACK/ILLUSTRATIVE_DIAGRAMS/IMG01_EXTRACT_ROOT.png,47550,NO
04_OFFLINE_FALLBACK/ILLUSTRATIVE_DIAGRAMS/IMG02_PROJECT_ROLES.png,50277,NO
04_OFFLINE_FALLBACK/ILLUSTRATIVE_DIAGRAMS/IMG03_STATE_OWNERSHIP.png,49748,NO
04_OFFLINE_FALLBACK/ILLUSTRATIVE_DIAGRAMS/IMG04_REDUCER_ACTIONS.png,50140,NO
04_OFFLINE_FALLBACK/ILLUSTRATIVE_DIAGRAMS/IMG05_PROVIDER_HOOKS.png,47781,NO
04_OFFLINE_FALLBACK/ILLUSTRATIVE_DIAGRAMS/IMG06_PROVIDER_ISOLATION.png,46034,NO
04_OFFLINE_FALLBACK/ILLUSTRATIVE_DIAGRAMS/IMG07_LOCAL_LIFETIME.png,43063,NO
04_OFFLINE_FALLBACK/ILLUSTRATIVE_DIAGRAMS/IMG08_P02_OPTIONAL.png,50145,NO
04_OFFLINE_FALLBACK/ILLUSTRATIVE_DIAGRAMS/IMG09_ADR_GATES.png,52342,NO
04_OFFLINE_FALLBACK/ILLUSTRATIVE_DIAGRAMS/IMG10_GEMINI_AUDIT.png,49321,NO
04_OFFLINE_FALLBACK/ILLUSTRATIVE_DIAGRAMS/IMG11_EVIDENCE_CLASSES.png,47509,NO
04_OFFLINE_FALLBACK/ILLUSTRATIVE_DIAGRAMS/IMG12_MOODLE_PDF.png,46715,NO
04_OFFLINE_FALLBACK/MODEL_EVIDENCE_SUMMARY_EN_GB.txt,562,NO
04_OFFLINE_FALLBACK/P01_PREDICTION_TRACE_EN_GB.txt,359,NO
04_OFFLINE_FALLBACK/README.md,272,NO
05_MOODLE_SUBMISSION/COPY_PASTE_MOODLE_ASSIGNMENT_S10_EN_GB.txt,843,NO
05_MOODLE_SUBMISSION/FORM_S10_EN_GB.docx,42639,NO
05_MOODLE_SUBMISSION/FORM_S10_EN_GB.html,2691,NO
05_MOODLE_SUBMISSION/FORM_S10_EN_GB.md,11772,NO
05_MOODLE_SUBMISSION/MOODLE_RUBRIC_S10_EN_GB.csv,1026,NO
05_MOODLE_SUBMISSION/MOODLE_UPLOAD_GUIDE_S10_EN_GB.md,655,NO
05_MOODLE_SUBMISSION/assets/form-core.js,6044,NO
05_MOODLE_SUBMISSION/assets/form-ui.js,7868,NO
05_MOODLE_SUBMISSION/assets/schema.js,15952,NO
05_MOODLE_SUBMISSION/assets/schema.json,20615,NO
05_MOODLE_SUBMISSION/assets/site.css,3523,NO
90_AUDIT/MIGRATION_FROM_PREVIOUS_VERSION.md,2352,NO
90_AUDIT/PACKAGE_ID_METHOD.md,1350,NO
90_AUDIT/PROJECT_BASELINES.json,10389,NO
90_AUDIT/PUBLIC_QA_SUMMARY.md,1317,NO
90_AUDIT/REAL_STACK_GATE_METHOD.md,1949,NO
90_AUDIT/SUPERSEDED_OBJECTS.md,830,NO
90_AUDIT/VERSION_RECEIPT.json,1358,NO
90_AUDIT/package-integrity.mjs,4321,NO
90_AUDIT/tw-s10-kit.mjs,14872,NO
ACTIVE_FIELDS_GUIDE.html,3105,NO
ACTIVE_FIELDS_GUIDE.md,2606,NO
BUILD_P01.cmd,247,NO
BUILD_P01.sh,208,NO
CHANGELOG_RC4.md,472,NO
CHECK_ENVIRONMENT.cmd,247,NO
CHECK_ENVIRONMENT.sh,208,NO
CLEANUP.cmd,245,NO
CLEANUP.sh,206,NO
DERIVED_CARRIER.json,11055,NO
OPEN_BEGINNER_GUIDE.cmd,203,NO
OPEN_BEGINNER_GUIDE.sh,387,NO
OPEN_MOODLE_FORM.cmd,175,NO
OPEN_MOODLE_FORM.sh,359,NO
START_P01.cmd,247,NO
START_P01.sh,208,NO
START_P02_OPTIONAL.cmd,247,NO
START_P02_OPTIONAL.sh,208,NO
START_P03_OPTIONAL.cmd,247,NO
START_P03_OPTIONAL.sh,208,NO
STUDENT_EDITION_NOTICE.md,550,NO
TEST_P01.cmd,246,NO
TEST_P01.sh,207,NO
TEST_P02_OPTIONAL.cmd,246,NO
TEST_P02_OPTIONAL.sh,207,NO
TEST_P03_OPTIONAL.cmd,246,NO
TEST_P03_OPTIONAL.sh,207,NO
VERIFY_INITIAL_STATE.cmd,252,NO
VERIFY_INITIAL_STATE.sh,213,NO
VERIFY_PACKAGE.cmd,252,NO
VERIFY_PACKAGE.sh,213,NO
VERIFY_WORK_RESULT.cmd,249,NO
VERIFY_WORK_RESULT.sh,210,NO
assets/student-form-focus.js,7170,NO
