path,size,sha256
00_START_HERE/CONTRACT_AND_STOP.txt,275,6fa55a4a7cd068b103e1139e1c8dbc7537c44a01acfd5fc48c4e493e16796331
00_START_HERE/README.md,968,fa8506c1c765d271b079961696dd6a878f62af150707eff586696096c8576a05
01_PROIECT/RESPONSIVE_CARD_GRID_CANONIC/package-lock.json,274,5a04b43983b8e9f182ed950c1e86ba997e2b7ae77687bdcd6bc1e6c3b0e6dc53
01_PROIECT/RESPONSIVE_CARD_GRID_CANONIC/package.json,413,8f92c41b57ff4e95686d5dab1426ca1e608e25fce35151382741bd29d2159b7b
01_PROIECT/RESPONSIVE_CARD_GRID_CANONIC/public/browser-smoke.js,822,16512413427de39f54515e2290a9bce28f0e9457c361e4b5db6962ca2ad007b0
01_PROIECT/RESPONSIVE_CARD_GRID_CANONIC/public/index.html,2217,6f47845dd65bee856f73efd22a76c51d0d6c86754f0c5a6fa645a78b8d0f2d27
01_PROIECT/RESPONSIVE_CARD_GRID_CANONIC/public/styles.css,228,341d23f79b0d2ded34dae692170337514db8e1cb7ebf0c8a5aa1c9740f369b9c
01_PROIECT/RESPONSIVE_CARD_GRID_CANONIC/README.md,378,6f4f78b43c2221eef4be8acdebd28f175f3622a943ca7f6becfa9e2490a4364b
01_PROIECT/RESPONSIVE_CARD_GRID_CANONIC/src/static-server.js,983,88054911683701cc539f29538c562eb0d0fe8b401ea8d9fc0552beea0b0b32d5
01_PROIECT/RESPONSIVE_CARD_GRID_CANONIC/tests/baseline.test.js,308,572e2abedb4773dc18c0def506fdc355e91d35318e684b347bb8fe0a7dc3bd3d
01_PROIECT/RESPONSIVE_CARD_GRID_CANONIC/tests/browser-smoke.mjs,1160,0094d3ca1254e7eecb1b003d4ca98268ba754a8138a16709d10a3fe6714a128a
01_PROIECT/RESPONSIVE_CARD_GRID_CANONIC/tests/helpers.js,217,edcb4d1d63292ef687dda309e991cd19a134a9d0a460a5a0085e900e5b5b6f45
01_PROIECT/RESPONSIVE_CARD_GRID_CANONIC/tests/objective.test.js,1078,0b047fc9dd8e721c566dd1e4c2524ecd45abd99658d2eca6dde92723d2999f00
01_PROIECT/RESPONSIVE_CARD_GRID_CANONIC/tests/regression.test.js,678,fccdb1d52fec575cb88ecc2de2819d940dcdca8bade38a2b3c9755550cef11b5
01_PROIECT/RESPONSIVE_CARD_GRID_CANONIC/visual-spec.md,582,9c6ba9c387704dfd5352b93dd90c277ebed4d20f09eb3258463408b0ecac576d
01_PROIECT/run-student-grid.mjs,1982,71b91b60b8c5805b60b27704185bb820f08d37b32720625839ac608a58e92829
02_LABORATOR_OFFLINE/LABORATOR_VIEWPORT_OFFLINE_v2.1_RO.html,4316,b875dfbec2f1a407afed65177db37555907bf8e4f6962f91742cee2787258398
02_LABORATOR_OFFLINE/MUZEUL_CSS_AL_IDEILOR_PROASTE_v2.1_RO.html,8945,5a20e3d553a4b2da7d60057c1e6d10a669791c4efd38b4941452446a7bdb6717
02_LABORATOR_OFFLINE/NOT_BROWSER_CAPTURE.txt,115,19ca7e2d2d3e9b33c1a6ac1831cd33ab8e98677ea6ecab0d3db23e0a990b5072
02_LABORATOR_OFFLINE/PROVENIENTA_EXTENSIEI.md,137,69a0963be6ab2c4faa5ee1b49aeb7ab4a0e8b764e0a86c0d005e70d63d0072d5
02_LABORATOR_OFFLINE/REFERENCE_SCHEMATIC_1280px_4col.png,16223,17eb834aee5f9f4a34252a487b9465c2b2d0a3a0fe3f1691518be9f665e15501
02_LABORATOR_OFFLINE/REFERENCE_SCHEMATIC_320px_1col.png,15553,71695453f10d627314cefcde4532085c3b83f4abe65e67b132eaddf12e1d81fe
02_LABORATOR_OFFLINE/REFERENCE_SCHEMATIC_768px_2col.png,15950,1a383c8244dec11c30d5254677baea5222d2ae547a6b82d0407d2273f4c9c251
03_AI/GEMINI_PROMPT_AUDIT_RO.txt,1200,f282733ce01ff30ebb0523279b2c559dbe512d4a363b06455c776c1557281060
03_AI/PATCH_AI_DELIBERAT_DEFECT_RO.patch,300,98c9053541af5774615c56ee67049e733b308372498cdb6c435b61211b4bfd43
03_AI/RASPUNS_LLM_DELIBERAT_PROBLEMATIC_RO.txt,701,25b6d142ba254547f2184b385cf7bbfc64ccc572e00412f5d6d60d0998ea55f3
04_LAUNCHERS_WINDOWS/OPRESTE_PROIECT.ps1,1601,c09d7d2f8b5ecb37c0eee01dcf39ada40c6c3ff05f190b5508c132a308de69b0
04_LAUNCHERS_WINDOWS/START_PROIECT.ps1,3351,ca8bc9ff080ff0ceb6763046e83238236c4455ded51adc7d1d120728d1a614c8
04_LAUNCHERS_WINDOWS/VERIFICA_PACHET_STUDENT.ps1,2642,b507589d4efe9ecea5a33cf727b8dae8236ded487ef483d4e98daf361f987651
04_LAUNCHERS_WINDOWS/VERIFICA_REZULTATUL.ps1,1543,b3d1c43763b4b4ac8fdbdfb1616ed1afb52668a456cd0ffb650705f9674dea4c
04_LAUNCHERS_WINDOWS/VERIFICA_STAREA_INITIALA.ps1,1809,83616c3058eb11658f6cc69faef68c70c60e2216bd15ed2d4b63699dc9e154eb
06_MOODLE_SUBMISSION/FORMULAR_S02_RO.docx,39207,b2ca1b06d622f59af3c6b04aae5db7919f45911084aebd1fa76f603edb8c5802
06_MOODLE_SUBMISSION/FORMULAR_S02_RO.html,8932,956291a6e5f04dc20a1b7ef1ebe420af133a4db9625570a473c946362343f1eb
06_MOODLE_SUBMISSION/MOODLE_UPLOAD_GUIDE_S02_RO.md,835,05ec9286023ab02c684d2453bb1f9908b59a13cb84e1f6aa808497a583f23298
DESCHIDE_FORMULAR_MOODLE.cmd,71,63e1517b88adfcbe7f512bbdb25096160d8daf1b3ea72f85a8d420e3e2bf0ea3
DESCHIDE_FORMULAR_MOODLE.sh,390,18c155597533eac031d5dbce8b62dc34db0832d47e5d9e4036ba0d9a069ded2c
FISA_STUDENT_SEMINAR_02_v2.1_RO.docx,39815,56cc015006f0ed1cb75b73468a07c5157d82ae35e6e8e13e8206423792619bfb
OPRESTE_PROIECT.cmd,170,29f44339227c6eaa764ff67e25adcc57904d12b927122271128fafbbf7d7ee2d
START_PROIECT.cmd,168,73043a0ab3525dc693b480fbc2b99e9bbb0d98928b63369776716bd1ac94885f
START_PROJECT.sh,1429,5bd321644544951cc39efd09c2db58b5ffa19cd2d1e09be9d384946cc2630d97
STOP_PROJECT.sh,87,f3a3dc5edd5eb85b0788b4d8ceb49bb3d3e5dab2a3bb019a710722f408af31bb
TEMA_SEMINAR_02_RESPONSIVE_CARD_GRID_v2.1_RO.docx,39173,25e7bb79b44341bbf5487f4d3f736b20ca3ed47899d5de9f296a996ca7df6b11
VERIFICA_PACHET_STUDENT.cmd,178,8c6fa154d20ac4f2c99a793a5134a2e99b44a9cb919ca51642845327720dce78
VERIFICA_REZULTATUL.cmd,174,fa8e5802ea0b8ec9b1e5a107cf4a00ce4694cfd47afdf1665ba600fa40a16b33
VERIFICA_STAREA_INITIALA.cmd,179,81e6352f9c42399f77dd7d5c7186ffbd79f35f7a16f9f23e76da3df4c28f1dc5
VERIFY_INITIAL_STATE.sh,960,94c2341fb5faf845a51547362628baf5e1a3e8a2d3f8f16654281b1abea00cd8
VERIFY_PACKAGE.sh,1798,b0eb8b1aa9396bb8e57f33160c06abed67e525627be73f0794754ec9744b03f8
VERIFY_RESULT.sh,697,4f84f329a35be242879bcc59d9ec952b8606e560ead99b55377c64ff57a6d360
