group_id,group,group_max,atom_id,atom,atom_max,field_ids,full,partial,zero,evidence_class
G1,Experiment and technical result,3.0,A01,P01 bounded implementation and observed transitions,1.5,p01_diff;edit_boundary;transition_trace;p01_completion;p01_action;p01_expected;p01_observed;p01_difference,"Trim/blank, add/toggle/remove/filter, counts/empty states, immutable state and semantic controls with actual outputs.",Award only the supported fraction of this atom; name which evidence is valid and which required witness is absent. No assumed execution.,Named requirement absent or cannot support the claimed conclusion; record the precise gap. Honest pending work is not automatically misconduct.,Actual recorded where execution is required; source reasoning/model separately labelled.
G1,Experiment and technical result,3.0,A02,P03 source-linked diagnosis and bounded lifecycle patch,1.5,p03_diagnostic;p03_patch;p03_checks;p03_action;p03_expected;p03_observed;p03_difference,"SearchPanel.jsx-only implementation addresses debounce, stable ownership, cleanup, short query, stale publication and sanitised errors.",Award only the supported fraction of this atom; name which evidence is valid and which required witness is absent. No assumed execution.,Named requirement absent or cannot support the claimed conclusion; record the precise gap. Honest pending work is not automatically misconduct.,Actual recorded where execution is required; source reasoning/model separately labelled.
G2,Reproducible evidence,2.0,A03,P01 exact fixture and actual named check results,0.75,fixture;package_identity;actual_runtime;execution_class;baseline_result;objective_result;regression_result;build_result;browser_result;evidence_index;operating_system;browser_tool_versions,"Source/environment, exact data, command/action, named output and embedded evidence locator.",Award only the supported fraction of this atom; name which evidence is valid and which required witness is absent. No assumed execution.,Named requirement absent or cannot support the claimed conclusion; record the precise gap. Honest pending work is not automatically misconduct.,Actual recorded where execution is required; source reasoning/model separately labelled.
G2,Reproducible evidence,2.0,A04,P01 persistence and identity witness,0.5,persistence_trace;identity_trace,Mount versus filter-only write observation; full stored array; actual add/persist/reload/add IDs. Record a missing witness as a precise qualified gap; the gap does not earn the absent actual-witness points.,Award only the supported fraction of this atom; name which evidence is valid and which required witness is absent. No assumed execution.,Named requirement absent or cannot support the claimed conclusion; record the precise gap. Honest pending work is not automatically misconduct.,Actual recorded where execution is required; source reasoning/model separately labelled.
G2,Reproducible evidence,2.0,A05,P03 scheduling and error witnesses,0.75,p03_prediction;p03_timeline;p03_guards;p03_errors;p03_checks;evidence_index,"Named fake, timer/call/abort/settlement order; B then A; short-query/unmount; unexpected object identity and sanitised visible output.",Award only the supported fraction of this atom; name which evidence is valid and which required witness is absent. No assumed execution.,Named requirement absent or cannot support the claimed conclusion; record the precise gap. Honest pending work is not automatically misconduct.,Actual recorded where execution is required; source reasoning/model separately labelled.
G3,Explanation of mechanism,2.0,A06,P01 ownership and rendering/persistence mechanism,1.0,ownership_map;p01_prediction;persistence_trace;learning_transfer;p01_mechanism,"Map vanilla responsibilities to React owner, props and callbacks; derive counts/filter view; explain why filter-only action must not persist.",Award only the supported fraction of this atom; name which evidence is valid and which required witness is absent. No assumed execution.,Named requirement absent or cannot support the claimed conclusion; record the precise gap. Honest pending work is not automatically misconduct.,Actual recorded where execution is required; source reasoning/model separately labelled.
G3,Explanation of mechanism,2.0,A07,P03 lifecycle permission to publish,1.0,p03_diagnostic;p03_patch;p03_guards;p03_timeline;p03_mechanism,"Separate timer cancellation, signal abortion and publication guard; explain why removal of numeric guard alone need not race if active guard remains.",Award only the supported fraction of this atom; name which evidence is valid and which required witness is absent. No assumed execution.,Named requirement absent or cannot support the claimed conclusion; record the precise gap. Honest pending work is not automatically misconduct.,Actual recorded where execution is required; source reasoning/model separately labelled.
G4,Critical Gemini audit,1.5,A08,Actual bounded sanitised exchange,0.5,gemini_mode;gemini_prompt;gemini_claim,"Relevant actual prompt, returned claim and tool/date record; never entire implementation/chat or seeded/synthetic exchange.",Award only the supported fraction of this atom; name which evidence is valid and which required witness is absent. No assumed execution.,Named requirement absent or cannot support the claimed conclusion; record the precise gap. Honest pending work is not automatically misconduct.,Actual recorded where execution is required; source reasoning/model separately labelled.
G4,Critical Gemini audit,1.5,A09,Independent verification,0.75,independent_check;evidence_index,"Independent source/contract/witness method, actual finding and locator; agreement of two AI answers does not qualify.",Award only the supported fraction of this atom; name which evidence is valid and which required witness is absent. No assumed execution.,Named requirement absent or cannot support the claimed conclusion; record the precise gap. Honest pending work is not automatically misconduct.,Actual recorded where execution is required; source reasoning/model separately labelled.
G4,Critical Gemini audit,1.5,A10,Evidence-based verdict and correction,0.25,verdict;correction;claim_limit,Accepted/rejected/partly accepted/unknown justified by the check; correction and scoped uncertainty.,Award only the supported fraction of this atom; name which evidence is valid and which required witness is absent. No assumed execution.,Named requirement absent or cannot support the claimed conclusion; record the precise gap. Honest pending work is not automatically misconduct.,Actual recorded where execution is required; source reasoning/model separately labelled.
G5,Limitations and reflection,1.0,A11,Explicit limits of P01/P03 and Gemini claim,0.5,environment_limit;identity_trace;p03_limits;claim_limit,Name unchecked reload/accessibility/callback/concurrency/runtime and distinguish source/model from actual.,Award only the supported fraction of this atom; name which evidence is valid and which required witness is absent. No assumed execution.,Named requirement absent or cannot support the claimed conclusion; record the precise gap. Honest pending work is not automatically misconduct.,Actual recorded where execution is required; source reasoning/model separately labelled.
G5,Limitations and reflection,1.0,A12,Learning transfer and smallest next check,0.5,learning_transfer;pending_work,Specific business-informatics ownership/identity/lifecycle connection and realistic next check; honest uncertainty is not misconduct.,Award only the supported fraction of this atom; name which evidence is valid and which required witness is absent. No assumed execution.,Named requirement absent or cannot support the claimed conclusion; record the precise gap. Honest pending work is not automatically misconduct.,Actual recorded where execution is required; source reasoning/model separately labelled.
G6,Completeness and format,0.5,A13,Identity and privacy completeness,0.2,student_identity;package_identity;actual_runtime;seminar_date;privacy_check,"Name/group/date/package and no secrets, account captures, institutional data or private reference solution.",Award only the supported fraction of this atom; name which evidence is valid and which required witness is absent. No assumed execution.,Named requirement absent or cannot support the claimed conclusion; record the precise gap. Honest pending work is not automatically misconduct.,Actual recorded where execution is required; source reasoning/model separately labelled.
G6,Completeness and format,0.5,A14,Readable single PDF with embedded locators,0.2,evidence_index;pdf_status;upload_checklist,"One TW2026_S08_GROUP_Surname_Firstname.pdf, all sections, actual images embedded via DOCX where used and local review distinguished from Moodle receipt. Preflight checklist precedes PDF upload; real submitted state, filename and timestamp are checked afterwards in the separate Moodle guide, never a circular PDF-completion gate.",Award only the supported fraction of this atom; name which evidence is valid and which required witness is absent. No assumed execution.,Named requirement absent or cannot support the claimed conclusion; record the precise gap. Honest pending work is not automatically misconduct.,Actual recorded where execution is required; source reasoning/model separately labelled.
G6,Completeness and format,0.5,A15,Current truthful individual declaration,0.1,declaration;teacher_exception,Actual versus inferred/model/synthetic/genuine distinguished; renewed declaration and documented prior authorisation if applicable.,Award only the supported fraction of this atom; name which evidence is valid and which required witness is absent. No assumed execution.,Named requirement absent or cannot support the claimed conclusion; record the precise gap. Honest pending work is not automatically misconduct.,Actual recorded where execution is required; source reasoning/model separately labelled.
