id,filename,classification,sha256
DELETE_204_RAW_RESPONSE,DELETE_204_RAW_RESPONSE.png,Actual local QA or labelled reference capture,d3ff5cdd11f54f9cbc395556b270ee0dd0da184628fe6495b453a0c9a587c5a9
DIAGRAM_01_EXTRACT_ZIP_CORRECTLY,DIAGRAM_01_EXTRACT_ZIP_CORRECTLY.png,Illustrative interface diagram,f7bb66eaa936135cadade2c4265b498443218862276631cab52d50b2fbeeaf12
DIAGRAM_02_OPEN_CORRECT_FOLDER_VSCODE,DIAGRAM_02_OPEN_CORRECT_FOLDER_VSCODE.png,Illustrative interface diagram,1ece6a49cd5a32e4fc5d368e48bfe61a7afeaea1ecdd8c453fd1ae7887dd1cf1
DIAGRAM_04_POSTMAN_JIT_BOUNDARY,DIAGRAM_04_POSTMAN_JIT_BOUNDARY.png,Illustrative interface diagram,e28463f823fa1910313aeb7945d0151ecea4326a4aff3478f61e5e0e648bfbef
DIAGRAM_05_REQUEST_OWNERSHIP_MAP,DIAGRAM_05_REQUEST_OWNERSHIP_MAP.png,Illustrative interface diagram,dd1fd2753c1f1caa0f1111414818f3511e2f73c63372bddc548cc24184ef6c82
DIAGRAM_06_EXPRESS_REQUEST_LIFECYCLE,DIAGRAM_06_EXPRESS_REQUEST_LIFECYCLE.png,Illustrative interface diagram,d599381768da5aa5e07ce660ed2b7883a2710ac5607aa4b1bb32bfbcb1a7057a
DIAGRAM_09_TWO_404_MECHANISMS,DIAGRAM_09_TWO_404_MECHANISMS.png,Illustrative interface diagram,0ca3b0d9d9b3ffa7ef4999374795bf3bff4d4322820ff9916b29d3fe324505d3
DIAGRAM_10_PARSER_VS_ROUTER,DIAGRAM_10_PARSER_VS_ROUTER.png,Illustrative interface diagram,e3986a7924d1337f6a6dafafd3b837d2f72f73f6b80685e3efe33c3ca819ae71
DIAGRAM_14_START_STOP_CONTROL,DIAGRAM_14_START_STOP_CONTROL.png,Illustrative interface diagram,ba2038f53e6e09bc8cd37938dc027d249e437c43e361a06094552cfb0374a984
DIAGRAM_15_P02_EXACTLY_ONCE,DIAGRAM_15_P02_EXACTLY_ONCE.png,Illustrative interface diagram,cd5d6aacfd1b118be0418d3afe5e0ce0cabb382b7a8e6cfc63c44778f743aa4f
DIAGRAM_16_GEMINI_BOUNDED_AUDIT,DIAGRAM_16_GEMINI_BOUNDED_AUDIT.png,Illustrative interface diagram,57e1808cde3028ffc08724d0ed88ee1ec0ffe6251ddf6e713132fba7a6016d4c
DIAGRAM_17_MOODLE_SINGLE_PDF_FLOW,DIAGRAM_17_MOODLE_SINGLE_PDF_FLOW.png,Illustrative interface diagram,1ae797d425affb9f03838d94cde8a8d6be29c6e0ab44e6a97b48a9b57a220b77
DIAGRAM_18_WRONG_TAB_DOMAIN,DIAGRAM_18_WRONG_TAB_DOMAIN.png,Illustrative interface diagram,2053370fe2169f58ab181fec5f3485e46ee9958a631561f3f27c7431842874d1
DIAGRAM_19_EVIDENCE_CLASS_LADDER,DIAGRAM_19_EVIDENCE_CLASS_LADDER.png,Illustrative interface diagram,2c6574b2d227dcb7323f1fd493e50bee0389cb267a9f5dc6be58b5de21a7c026
DIAGRAM_20_60_MINUTE_ROUTE,DIAGRAM_20_60_MINUTE_ROUTE.png,Illustrative interface diagram,28efd82f175211175f1f6940b0de6a74d2c4a5615a9018c5ba0e5d461908a2b3
ENVIRONMENT_GATE_OUTPUT,ENVIRONMENT_GATE_OUTPUT.png,Actual local QA or labelled reference capture,53957b1d717cf5dc1f98134453e8f5a7bdb423ecbfc6c690a3fe882af115f8fc
FAILED_WRITE_STATE_DIFF,FAILED_WRITE_STATE_DIFF.png,Actual local QA or labelled reference capture,1dbcac6aee9b16e0c4c31809621eb21677bd2eef3b856c06d3a351d78a213169
GET_COLLECTION_MEMBER_RESPONSES,GET_COLLECTION_MEMBER_RESPONSES.png,Actual local QA or labelled reference capture,2a6aedd17e6a77d45d8e445702d11f015844e4a73cdb792df981c631c6300267
POST_LOCATION_FOLLOWUP,POST_LOCATION_FOLLOWUP.png,Actual local QA or labelled reference capture,f8fc35eb6527c894199b03bd97ccc6611d9dd57f53084cfc7f67e275814c6058
TAP_INITIAL_SIGNATURE,TAP_INITIAL_SIGNATURE.png,Actual local QA or labelled reference capture,e337a9fe7875c38e796ea9ed685878ef37d23d9694c735e528cde93cb2b6f81f
