case_id,source_mode_and_identity,method,path,Accept,prediction_before_run,expected_source,observed,difference,evidence_locator,evidence_class,record_status,limitation
P03-NESTED,,GET,/notes/42,text/html, ,static-only:404; universal:index; narrow repaired policy:index HTML; actual browser boot separate,,,,NOT_EXECUTED,NOT_STARTED,
P03-ROOT,,GET,/,text/html, ,Built document delivered; exact index body identity,,,,NOT_EXECUTED,NOT_STARTED,
P03-HEAD,,HEAD,/notes/42,text/html, ,Eligible status/headers; empty response body; no inferred React boot,,,,NOT_EXECUTED,NOT_STARTED,
P03-ASSET,,GET,/assets/app-a1b2c3.js,*/*, ,"Existing static bytes/type/cache behavior; filename is fixed, not proof of content hash",,,,NOT_EXECUTED,NOT_STARTED,
P03-ICON,,GET,/icon.svg,*/*, ,Actual icon bytes/type preserved,,,,NOT_EXECUTED,NOT_STARTED,
P03-API-MISS,,GET,/api/missing,text/html, ,Completing supplied API router returns JSON404 even in universal broken mode,,,,NOT_EXECUTED,NOT_STARTED,
P03-API-ROOT,,GET,/api,text/html, ,Exact API namespace remains outside HTML fallback,,,,NOT_EXECUTED,NOT_STARTED,
P03-API-KNOWN,,GET,/api/status,application/json, ,Supplied API response/status/envelope preserved,,,,NOT_EXECUTED,NOT_STARTED,
P03-MISSING-ASSET,,GET,/assets/missing.js,text/html, ,Universal broken mode source implies HTML200 index; narrow policy preserves non-HTML404,,,,NOT_EXECUTED,NOT_STARTED,
P03-FILE-LIKE,,GET,/release.v2,text/html, ,"Extension-like path excluded, no successful index fallback",,,,NOT_EXECUTED,NOT_STARTED,
P03-METHOD,,POST,/notes/42,text/html, ,"No index; stable non-navigation404 or declared policy response, never fabricated success",,,,NOT_EXECUTED,NOT_STARTED,
P03-ACCEPT,,GET,/notes/42,application/json, ,No HTML fallback; record actual content negotiation outcome,,,,NOT_EXECUTED,NOT_STARTED,
P03-NAMESPACE,,GET,/apiary,text/html, ,Outside exact/api namespace; canonical startsWith(/api) is documented defect; named private successor eligible navigation,,,,NOT_EXECUTED,NOT_STARTED,
P03-MISSING-INDEX,,GET,/notes/42,text/html, ,"Separate missing-index fixture only; sanitized pre-header500 forwarding, no path/stack leak. This does not witness a post-header stream failure.",,,,NOT_EXECUTED,NOT_STARTED,
P03-POST-HEADER,,GET,/notes/42,text/html, ,"Use a separate callback/stream-error fixture. When headersSent is already true, forward the exact error to next(error) without attempting a fresh JSON500 or second send. Source/captured-callback model and actual Express streaming remain distinct, pending evidence classes.",,,,NOT_EXECUTED,NOT_STARTED,
P03-LATER,,GET,/notes/42,text/html, ,Prior rejection does not poison later eligible request,,,,NOT_EXECUTED,NOT_STARTED,
P03-UNKNOWN-CLIENT,,GET,/unlisted-client-path,text/html, ,Narrow server supplies index; actual booted client decides catch-all UI,,,,NOT_EXECUTED,NOT_STARTED,
