method,path,accept,prediction_before_run,actual_status,actual_content_type,actual_sha256,trace_locator,evidence_class,limitation
GET,/,text/html,,,,,,,
GET,/notes/42,text/html,,,,,,,
HEAD,/notes/42,text/html,,,,,,,
GET,/api/status,application/json,,,,,,,
GET,/api/missing,text/html,,,,,,,
GET,/api,text/html,,,,,,,
GET,/apiary,text/html,,,,,,,
GET,/assets/app-a1b2c3.js,*/*,,,,,,,
GET,/icon.svg,*/*,,,,,,,
GET,/assets/missing.js,text/html,,,,,,,
GET,/release.v2,text/html,,,,,,,
POST,/notes/42,text/html,,,,,,,
GET,/notes/42,application/json,,,,,,,
GET,/notes/recovered,text/html,,,,,,,
