path,size_bytes,sha256
00_START_HERE/GLOSSARY_EN_GB.md,805,b572f085afe15b2593b55caa637be6e52fb8337947b9d587daa6e1ba8a58bef6
00_START_HERE/QUICK_START_EN_GB.md,946,4f1b9059b9454a3caac7f751f5ae665253fd665f251d0c33aaf16e1e7d3ccba1
00_START_HERE/README.md,1255,3c48735e622a1835c8a9d3bf3f6f30e01bd510a7464d35301b53486b6ffbf626
00_START_HERE/S02_INTERACTIVE_ULTRA_BEGINNER_GUIDE_EN_GB_v2.3.html,730660,97c87b9a515f7d1345c66d2a8a92c8a9b4d3dff91596dc7248ddbd0b888f49e8
00_START_HERE/assets/APP_REFERENCE_1280PX_4_COLUMNS.png,96424,bcf0e8f0d371b7040662a7a8f93233d27504d9b120b458b70ad590f83cadac60
00_START_HERE/assets/APP_REFERENCE_320PX_1_COLUMN.png,89954,294eaaf785583c71f0e1ab4965eb41425aba5774cbb4ef7e1364d24bc409905d
00_START_HERE/assets/APP_REFERENCE_320PX_LONG_TOKEN.png,93222,ea8be17304d7617e4644412e3b385e0ba0310d5174317ec390b12bbe9f79782b
00_START_HERE/assets/APP_REFERENCE_768PX_2_COLUMNS.png,155193,c078d0f37d251175f56ae531ba895cb36b08211f4b87fb8cdda07843588939e2
00_START_HERE/assets/APP_REFERENCE_KEYBOARD_FOCUS.png,155203,efff757e82a93ed3ed420f466df32431b290038f468ba9bd0512103d3ecc6e53
00_START_HERE/assets/ASSET_PROVENANCE.md,552,fabce2a7a234ff446268b8d405d84959a119c5a064c209f1f092c8b2f552a9a5
00_START_HERE/assets/DIAGRAM_01_EXTRACT_ZIP_CORRECTLY.png,50970,40fb47db5ba634d47c75fade34c099f2a5e59b7c30efdb362834610019c263f5
00_START_HERE/assets/DIAGRAM_01_EXTRACT_ZIP_CORRECTLY.svg,3568,2531628e67c70d7a5e9d5b671abf171b8318170214bd97dce677964be5f6567b
00_START_HERE/assets/DIAGRAM_02_OPEN_CORRECT_FOLDER_VSCODE.png,59686,a395ea8b97d37476303cb49e2ac7ddb68d601997f2ebb8b56b84eca1f6253fc9
00_START_HERE/assets/DIAGRAM_02_OPEN_CORRECT_FOLDER_VSCODE.svg,3743,e1d74ea4818770fdcf488c8317a886625d0103671260e4301919e273b7e6980f
00_START_HERE/assets/DIAGRAM_03_VSCODE_TERMINAL.png,49407,2ee57bc0ead6fe6442ebe144e4d4293f3402a9b7403f9357ae2c1658f28cd902
00_START_HERE/assets/DIAGRAM_03_VSCODE_TERMINAL.svg,3694,af5dc50635312ac44181dd28606e2c16dcce6ce5943d5bfa07079b6de541b780
00_START_HERE/assets/DIAGRAM_04_CHROME_DEVICE_MODE.png,50708,ae2361848cdc909cf6244163f545e06377d8c4d5704468d3c53760a92c02d188
00_START_HERE/assets/DIAGRAM_04_CHROME_DEVICE_MODE.svg,3571,0e3fdbf76e0950005406e9e7fc29aa34bc711b24d636ef20282e5e0557e56836
00_START_HERE/assets/DIAGRAM_05_EDGE_DEVICE_MODE.png,50181,989e7b8a846f4e5e2152aea0b671ff24aa9af27982d7132790b375098aeae1af
00_START_HERE/assets/DIAGRAM_05_EDGE_DEVICE_MODE.svg,3568,ff527683a27ee7ffbc0b2cae0f1054f93b610b187460a744f3e8446e96d4d0de
00_START_HERE/assets/DIAGRAM_06_FIREFOX_RDM.png,56807,c3b5ba81b0b3bfcd73c978b556ef7b04f0f24434cf5f19b89b7a840be076519b
00_START_HERE/assets/DIAGRAM_06_FIREFOX_RDM.svg,3622,515485b23825596c47523516b20fcee0271c36180165ce9870e50abdab0fba89
00_START_HERE/assets/DIAGRAM_07_COMPUTED_GRID_EVIDENCE.png,50465,92c722243ac15467ada55e1102f09357389e961c41802fd6d36b17275fe7f7e7
00_START_HERE/assets/DIAGRAM_07_COMPUTED_GRID_EVIDENCE.svg,3582,cc2842dadb9b4a26a5c7bc13f9fee45440a44fdfb6245bc1bc4080c48111531d
00_START_HERE/assets/DIAGRAM_08_WRONG_TAB_DOMAIN.png,55278,e28e6e5a2f1b7a9c5833db4bbdee71c89d37afb9751b03b535e3b1f4432abf02
00_START_HERE/assets/DIAGRAM_08_WRONG_TAB_DOMAIN.svg,3717,c694fd7872afdb7bb808bc80dbecc9522886c7bbfcd02e570aa1b05f9cb42468
00_START_HERE/assets/DIAGRAM_09_GEMINI_BOUNDED_AUDIT.png,50919,e9584fc638eea7fae5553dbfd9b547f4475748463c3d47ea05fd156dfe0b2042
00_START_HERE/assets/DIAGRAM_09_GEMINI_BOUNDED_AUDIT.svg,3865,ccdce655ae0c0de5ae9baaf8b00a86655ee3a01d87886927f3174beb795ddcfe
00_START_HERE/assets/DIAGRAM_10_MOODLE_GENERIC_FLOW.png,48002,5fc5bdbaf37996596a5b00d36c5f8b032cd85d62e3e09152aec57db93d58abbf
00_START_HERE/assets/DIAGRAM_10_MOODLE_GENERIC_FLOW.svg,3545,053ca8f71f7134448046ab796ff3f6e1aabcd4589a78efc47ff622e50e25645b
00_START_HERE/assets/DIAGRAM_11_EVIDENCE_LADDER.png,53133,e2ec64eb8fca223f1cda8a65be23acab4adf0a5840f847dab0c431e5da5ba9f1
00_START_HERE/assets/DIAGRAM_11_EVIDENCE_LADDER.svg,4016,299ff6f8db89f72ad97931d3e0dd8acbae512bbe30fbd0f08759277e4857db19
00_START_HERE/assets/DIAGRAM_12_THREE_PASS_MODEL.png,72357,8988212cc2a6d64cd8931c7a4e3d9ba269d762849fc0511fbf1ea20f9070f267
00_START_HERE/assets/DIAGRAM_12_THREE_PASS_MODEL.svg,5316,faf40862d3f7ce83c966a66dacfa37b1841f79a75c4e87c7899c6a66112b9511
01_WORKSHEET/HOMEWORK_S02_v2.3_EN_GB.docx,41685,4b8ee4419ce45721c264a79606de3358a608f5eaa389470f67c7221a2395ebbe
01_WORKSHEET/STUDENT_WORKSHEET_S02_v2.3_EN_GB.docx,42832,81d0c4fedf16ee6d09b9622e11fd3fe59b112a93107e06384ee4cf94a000b3f4
02_PROJECTS/RESPONSIVE_CARD_GRID/README.md,591,002039df341bc7030b8317b8e4910d2bb09723d2884a66d108d9746eccb8f299
02_PROJECTS/RESPONSIVE_CARD_GRID/package-lock.json,321,1a25d9a5327db97f7f4514880e67da74bae79c6371ad7034f0a5ec7be721b290
02_PROJECTS/RESPONSIVE_CARD_GRID/package.json,527,3340eddc63dd714f8084c4b57ac2b087fdcaa5ce9a47bc81110cfe68974e6c51
02_PROJECTS/RESPONSIVE_CARD_GRID/public/browser-smoke.js,1128,5ad76dcc6c50537723458a3eb85d97c8ab9e9a5f5e642c4b45bbe714b72471f4
02_PROJECTS/RESPONSIVE_CARD_GRID/public/index.html,2095,6e4608ba0cd906b81bebf2b9f4260629ff363853715afc1467dade491ae44335
02_PROJECTS/RESPONSIVE_CARD_GRID/public/styles.css,315,fad84272e9130b60dd7c635297ae020cf5f943fcb5c6eac17554e4b902ad63a3
02_PROJECTS/RESPONSIVE_CARD_GRID/src/static-server.js,2922,99714084de845e881477ed7aaec7182f812acce0a6c3a2324b61902e5d4af5aa
02_PROJECTS/RESPONSIVE_CARD_GRID/tests/baseline.test.js,392,e8c2ca5b70940eee3dfc5bd450a948d6b66e5082ac09f40d447fb59eee7525d4
02_PROJECTS/RESPONSIVE_CARD_GRID/tests/browser-smoke-runner.mjs,7453,b421c8aaa236939a939f12347cfd67f3a05284f89131402643a3f0bc38f95f1d
02_PROJECTS/RESPONSIVE_CARD_GRID/tests/helpers.js,232,b6e68b0fb31741c0fb4e030e94957b5c5cf915cbccd14d024b75203ab70fb6fb
02_PROJECTS/RESPONSIVE_CARD_GRID/tests/objective.test.js,1121,142dbb415602717a186dbd4e08959f5cbb03632d3dc45935958306f0572850c1
02_PROJECTS/RESPONSIVE_CARD_GRID/tests/regression.test.js,874,1a94d997360da3107eb7137bca9ea4fc567e6d2c2690ab6cc8a8092183be361d
02_PROJECTS/RESPONSIVE_CARD_GRID/visual-spec.md,873,1b8bdb9640909f8b533ed37a9f9994c0993dbb93b563638262b7406212a6be74
03_AI_AUDIT/FLAWED_PATCH_OR_CLAIM.txt,489,4555c3a2c30af1be31b46773c5a42920043d5386829fe68f9768eebf55672f00
03_AI_AUDIT/GEMINI_AUDIT_WORKSHEET_EN_GB.md,459,1c15f8e223669b279f4dd3fb96fc976414d534a2ad877391d93ec32ada2b30d6
03_AI_AUDIT/GEMINI_PROMPT_EN_GB.txt,761,586b95e9e0b764f0499810f3c1b51ba05649a680740429bc046cb6df9d8543b8
04_OFFLINE_FALLBACK/CSS_MUSEUM_OF_BAD_IDEAS_S02_v2.3_EN_GB.html,8834,15ab2c412daff8a09ac1fd4f174088354ddc62476ff314fad111fbb3b2c88850
04_OFFLINE_FALLBACK/OFFLINE_EVIDENCE_NOTICE.md,428,d940c991b0f6d4a2cd761991689de80f848247dc38560dfee6f32146f78489f7
04_OFFLINE_FALLBACK/OFFLINE_VIEWPORT_LAB_S02_v2.3_EN_GB.html,4275,8437089819c3633fcfca23156ac242463bebbd83edeccc3be83b22f8b6cc86d8
04_OFFLINE_FALLBACK/reference_outputs/APP_REFERENCE_1280PX_4_COLUMNS.png,96424,bcf0e8f0d371b7040662a7a8f93233d27504d9b120b458b70ad590f83cadac60
04_OFFLINE_FALLBACK/reference_outputs/APP_REFERENCE_320PX_1_COLUMN.png,89954,294eaaf785583c71f0e1ab4965eb41425aba5774cbb4ef7e1364d24bc409905d
04_OFFLINE_FALLBACK/reference_outputs/APP_REFERENCE_320PX_LONG_TOKEN.png,93222,ea8be17304d7617e4644412e3b385e0ba0310d5174317ec390b12bbe9f79782b
04_OFFLINE_FALLBACK/reference_outputs/APP_REFERENCE_768PX_2_COLUMNS.png,155193,c078d0f37d251175f56ae531ba895cb36b08211f4b87fb8cdda07843588939e2
04_OFFLINE_FALLBACK/reference_outputs/APP_REFERENCE_KEYBOARD_FOCUS.png,155203,efff757e82a93ed3ed420f466df32431b290038f468ba9bd0512103d3ecc6e53
05_MOODLE_SUBMISSION/COPY_PASTE_MOODLE_ASSIGNMENT_S02_EN_GB.txt,878,495aa9a148a7c155473f23061209a88f6448b9eb8cf62db8f535d1c480857d50
05_MOODLE_SUBMISSION/FORM_S02_EN_GB.docx,42624,b9bfda5d9a466d3f404cd7c2f8393f4729e1b63e69d7e94bdd9efce38959bafa
05_MOODLE_SUBMISSION/FORM_S02_EN_GB.html,12410,aa0408901bcf4ecae27891742736ccce3c11ecbdac33393686fe8ce16e2e5c7d
05_MOODLE_SUBMISSION/MOODLE_RUBRIC_S02_EN_GB.csv,1393,c19cf56f47a16d79f3399d1def4fb802d136ea3ec53808682bd5afe310513ff2
05_MOODLE_SUBMISSION/MOODLE_UPLOAD_GUIDE_S02_EN_GB.md,1225,909bf82b9c8938c83ddb0d861bd630c3843e2a30e75b7f2d063e76f32891cf2a
90_AUDIT/INITIAL_STYLES.sha256,117,89b962f23100ec7251f81833ab8f3178970bb3f3a00dee195af7887e9834c551
90_AUDIT/MUTABLE_PATHS.txt,51,58d62d54c3f1ea50fdf4b8044033fbe08f3d6dd4158bca049fcc98f5054a6dfe
90_AUDIT/PACKAGE_ID_METHOD.md,459,d867c2b518b734ccb26d1f2772017f46b64d996fc32ecfe71c1560f8f20c4fc3
90_AUDIT/PUBLIC_PACKAGE_STATUS.json,805,a761ae3a55c1c4157f120cdcd31a1ed194f1e15d045e4a1b479fc4ae92bdbdfe
90_AUDIT/SOURCE_AND_DERIVATION.md,593,6a017e85c9e2c6d83ea5491f5a92a8052f945faf651a51109c5cd3aa835d6172
90_AUDIT/STUDENT_SAFE_QA_SUMMARY.md,656,063d3753c37fb3ea69e4e1f232767dac4f812716b60395852c36cba073708fb6
90_AUDIT/VERSION_RECEIPT.json,466,6aebbee44a253bba8fed8db090031b209f44a8f41431c74b2d412fc7d08e594d
90_AUDIT/tools/check-environment.mjs,3386,25acdcf93ecd4cde8319a4df7579b398457aa0443347b92eac4242d7486a3633
90_AUDIT/tools/package-integrity.mjs,2468,e004f7893f864e836f44927cfd85e530a1b1374615c18bf98dca8301a132d0d8
90_AUDIT/tools/run-project.mjs,5192,10dd251298b916327474e1e73c2ced3838ac81d049ac13869c08756cdb11f71f
90_AUDIT/tools/runtime.mjs,615,9dcd4540214f7df33847367b7d6211d763e1838698ad74cd26ce13d6ddc1a282
90_AUDIT/tools/stop-project.mjs,2885,928d93a709ee0bf8efb7b7a89a84ef81425f0a135554f2c087775fa4098908f4
90_AUDIT/tools/test-contract.mjs,1253,b826f6e36518e629bfbad0b957fa710c050a4c860d2d69af77536602e7984824
90_AUDIT/tools/verify-initial-state.mjs,2021,176de80011f9ebf5411222cffff475eef96f32f3b6b25abdaaf0aa3ab8c7e06d
90_AUDIT/tools/verify-work-result.mjs,2811,19a448e5ba73f7e513f6b4c919c67158bf32c2e0bf55b84000b497642abd3f53
90_AUDIT/tools/windows/VERIFY_PACKAGE.ps1,2911,33ebd9f6321bfa8718acbebc0c32cf429f19f0184bb9d77aef3098afd7a41d1e
CHECK_ENVIRONMENT.cmd,341,2833c10b7cf8ee6e70defe1b06af65897a5bbb06e6c20b75ff4f25a8f38d7461
CHECK_ENVIRONMENT.sh,283,01f4eafefd645ee65f5b0665ab0e2a96ea13a0047a97e322ac7fa504087899c1
OPEN_BEGINNER_GUIDE.cmd,250,0a7bd5915d51d2d76f035a22366068ad6c61a097a6a820b32bd29b595b23a43f
OPEN_BEGINNER_GUIDE.sh,493,6ace048d4201c4b013a5785778c077a240469a43202d215ef2ad5fbae7b9ccdc
OPEN_MOODLE_FORM.cmd,224,668f2033d600199f116ba533766fe91b1c8312c681ae3b9547b39564c0042848
OPEN_MOODLE_FORM.sh,467,1205f5fbe1668804c90948562b43946cda4ad309d1dbec1d4cb74384ff1b6c3e
START_PROJECT.cmd,297,97cb153b07121eeca6fe75d7a3bcd79204a9442b9039dcde9719b54eaf3c8615
START_PROJECT.sh,513,a5f9d6e35b573cd40baf7e561e189db6e9c5f6b9735d4d688ebf5c16b920044d
STOP_PROJECT.cmd,231,5cf15fad303c75908317cc6963b3fda41da3f088445a63cdef86247aa8cf6d8b
STOP_PROJECT.sh,240,de3091a521b9faea632e71e53d738802a3e21ac373c9191fddb71ab13c7ff424
VERIFY_INITIAL_STATE.cmd,230,277c7b6900f3eed8439cd4793ea343e67f4feaaff69ea6204054e6433c43cf3b
VERIFY_INITIAL_STATE.sh,231,28cf253d5417ccf4e6b19ba147532ba5b8d769850b2c4d174504a85b23da8d15
VERIFY_PACKAGE.cmd,323,3fa0a4ddedf7b16e70b37ab97ce986f79099e2212b168ca4fe72456f14891cbf
VERIFY_PACKAGE.sh,2269,8c4e9586b6699ee7ae34fde76aa9397e12fe151384c295640c78901d7eaa5957
VERIFY_WORK_RESULT.cmd,226,34e632752fa3ba1a1f136c91964128f41738571a4a4f9639bfe12505a448f11d
VERIFY_WORK_RESULT.sh,229,c4d0f33560ef54468867024ebc25c8c03113c2c3aaeb0d6bd8f3627cbc98690c
