dimension_id,dimension_title,maximum_points,level_points,prospective_descriptor,status
P01,Full Worker Offload implementation and evidence,5.0,0,No reproducible implementation evidence or only unsupported claims,LOCAL_PLANNING_NO_AWARDED_GRADE
P01,Full Worker Offload implementation and evidence,5.0,2,Partial implementation with named lifecycle gaps and honest evidence class,LOCAL_PLANNING_NO_AWARDED_GRADE
P01,Full Worker Offload implementation and evidence,5.0,3.5,Most required lifecycle paths supported with reproducible named traces; remaining gaps explicit,LOCAL_PLANNING_NO_AWARDED_GRADE
P01,Full Worker Offload implementation and evidence,5.0,5,"Complete assessed-file implementation with named validation, correlation, progress, abort, error, disposal and final ownership evidence; model and browser classes separated",LOCAL_PLANNING_NO_AWARDED_GRADE
P02_TRACE,Guided Service Worker lifecycle trace,1.5,0,No guided trace or active registration presented as current-page control,LOCAL_PLANNING_NO_AWARDED_GRADE
P02_TRACE,Guided Service Worker lifecycle trace,1.5,0.5,Some states and eligibility identified with unresolved lifecycle differences,LOCAL_PLANNING_NO_AWARDED_GRADE
P02_TRACE,Guided Service Worker lifecycle trace,1.5,1,"Controlled state, request eligibility, direct fallback and source/version checks traced with limits",LOCAL_PLANNING_NO_AWARDED_GRADE
P02_TRACE,Guided Service Worker lifecycle trace,1.5,1.5,Complete six-part guided trace including controllerchange and explicit source/model/native-browser provenance,LOCAL_PLANNING_NO_AWARDED_GRADE
REGRESSION_LAUNCH,Regression Harness launch and test-matrix draft,1.5,0,No launch record,LOCAL_PLANNING_NO_AWARDED_GRADE
REGRESSION_LAUNCH,Regression Harness launch and test-matrix draft,1.5,0.5,Package/path and target identified but matrix or mutation is missing,LOCAL_PLANNING_NO_AWARDED_GRADE
REGRESSION_LAUNCH,Regression Harness launch and test-matrix draft,1.5,1,"Package/path, target and boundary-separated matrix recorded with a plausible mutation",LOCAL_PLANNING_NO_AWARDED_GRADE
REGRESSION_LAUNCH,Regression Harness launch and test-matrix draft,1.5,1.5,"All five launch items recorded: package/path, target, unit/integration/HTTP matrix, mutation with killing assertion and outstanding work before S14; full implementation not falsely claimed",LOCAL_PLANNING_NO_AWARDED_GRADE
GEMINI,Bounded Gemini critique,1.0,0,Unverified model answer or fabricated actual interaction,LOCAL_PLANNING_NO_AWARDED_GRADE
GEMINI,Bounded Gemini critique,1.0,0.25,Bounded prompt or honest pending/block status without sufficient independent critique,LOCAL_PLANNING_NO_AWARDED_GRADE
GEMINI,Bounded Gemini critique,1.0,0.5,One claim independently tested with a justified verdict and explicit real/pending/blocked/synthetic provenance,LOCAL_PLANNING_NO_AWARDED_GRADE
GEMINI,Bounded Gemini critique,1.0,1,"Bounded claim, independent falsifiable checks, supported verdict, correction and limitation; actual Gemini evidence exists for any claimed real exchange",LOCAL_PLANNING_NO_AWARDED_GRADE
TRACEABILITY,"Traceability, limits and reflection",1.0,0,Evidence cannot be attributed or located,LOCAL_PLANNING_NO_AWARDED_GRADE
TRACEABILITY,"Traceability, limits and reflection",1.0,0.25,Some locators and limits with incomplete privacy or reflection,LOCAL_PLANNING_NO_AWARDED_GRADE
TRACEABILITY,"Traceability, limits and reflection",1.0,0.5,"Individual evidence is located, redacted and classified with concrete limits",LOCAL_PLANNING_NO_AWARDED_GRADE
TRACEABILITY,"Traceability, limits and reflection",1.0,1,"Complete individual traceability, truthful declaration, privacy review, concrete reflection and readable one-PDF format with an institution-approved code",LOCAL_PLANNING_NO_AWARDED_GRADE
