visual_id,filename,classification,sha256,alt_text,source_process,private_data_removed
V01,DIAGRAM_01_EXTRACT_ZIP_CORRECTLY.png,Illustrative interface diagram,fbb1fdb35137b25dc3bea5007f6caac9c49e254839b4fd128dbecb459108d16f,Correct ZIP extraction — Do not work inside the compressed archive,Locally generated illustrative SVG and PNG,not_applicable
V02,DIAGRAM_02_OPEN_PACKAGE_ROOT_VSCODE.png,Illustrative interface diagram,c8675805397893e006ba4c0f4dc1b6d9f153348e5a156741ab21d152bced4b87,Open the package root in VS Code — The correct folder contains VERIFY_PACKAGE and 00_START_HERE,Locally generated illustrative SVG and PNG,not_applicable
V03,DIAGRAM_03_VSCODE_TERMINAL_ROOT.png,Illustrative interface diagram,b2d38c642d26e13293d44897cc15982fe8fcb16a77e5580ceca5bc55f2e0aaa6,Use the integrated terminal — Confirm the prompt is the extracted package root,Locally generated illustrative SVG and PNG,not_applicable
V04,REAL_CAPTURE_04_PACKAGE_ENVIRONMENT.png,Real command capture,008c34b6a85adfd961315e6636b9e2367d608f363ba523b36041c97a2efac0de,Terminal capture showing package integrity pass and a documented Node/npm runtime mismatch.,Actual Phase 2 QA output rendered locally,not_applicable
V05,DIAGRAM_05_THREE_SOURCE_OWNERSHIP.png,Mechanism diagram,743af73760dcb88a2f2953414d6ffac9bc9c214b07939dc286e6b16cf4f3c833,"Three-source controller ownership — Sources are initiated by the controller, aggregated into one model and rendered once",Locally generated illustrative SVG and PNG,not_applicable
V06,DIAGRAM_06_INITIATION_COMPLETION_ORDER.png,Timeline diagram,4e34edcb8fbaad52967ff36cffcf7e5bb4c7952931be9032145fbd204e7f7237,"Initiation, completion and result order — Promise.all preserves input positions, not completion timing",Locally generated illustrative SVG and PNG,not_applicable
V07,DIAGRAM_07_STATE_MACHINE.png,State-machine diagram,569fd7cb44d9e20de80e293820ed29d0c87ce88f9bc63fe3281f608ddeeab173,"Dashboard state machine — The controller renders loading immediately, then exactly one final state",Locally generated illustrative SVG and PNG,not_applicable
V08,DIAGRAM_08_FAILURE_BOUNDARIES.png,Boundary diagram,342d288bee50b8d233688a2dcfd4ee7fb40d2a5c1c35a4af460a29475403a52b,"Transport, HTTP and parse boundaries — Different failures occur at different stages",Locally generated illustrative SVG and PNG,not_applicable
V09,REAL_CAPTURE_09_DASHBOARD_SUCCESS.png,Exact reference renderer capture,87edd87eef293056dec527928905eb6bc580db8ca161752e636da0a589f72daa,"Exact reference-rendered dashboard capture showing Ada, two of three tasks open and two notices.",Locally generated illustrative SVG and PNG,not_applicable
V10,REAL_CAPTURE_10_DASHBOARD_MISSING_TASKS.png,Exact reference renderer capture,c1be02b7e53e611a34ce822bdd0c48bbf36cf2c623453e784192345e5fdbea27,Exact reference-rendered dashboard capture showing an explicit error after the tasks resource returns 404.,Locally generated illustrative SVG and PNG,not_applicable
V11,DIAGRAM_11_CHROME_NETWORK_ROUTE.png,Illustrative interface diagram,e1ca607e6851fb4d6b18dc0da73ecdd8c625beb1f6877d5f57a0846b1fc67bc1,Chrome: open the Network panel — Menu labels verified against official Chrome DevTools documentation,Locally generated illustrative SVG and PNG,not_applicable
V12,DIAGRAM_12_EDGE_NETWORK_ROUTE.png,Illustrative interface diagram,653badfc6dfc3e700b481b1b236f565abb1514a5b4795e115a1c168518989b29,Edge: open the Network panel — Settings and more → More tools → Developer tools,Locally generated illustrative SVG and PNG,not_applicable
V13,DIAGRAM_13_FIREFOX_NETWORK_ROUTE.png,Illustrative interface diagram,042491c4abbf174939a769a2601021d13c4ef8792c257f3e40e893648eda7c44,Firefox: open the Network panel — Hamburger menu → More tools → Web Developer Tools → Network,Locally generated illustrative SVG and PNG,not_applicable
V14,DIAGRAM_14_WRONG_TAB_DOMAIN.png,Illustrative interface diagram,f4102fdc5c4b31a3243fbb2ce7c11e096516c6302d3ec2b13820bd566ff09bd2,Wrong tab versus correct local application — Evidence from an unrelated tab must be rejected,Locally generated illustrative SVG and PNG,not_applicable
V15,DIAGRAM_15_EVENT_DELEGATION.png,Event delegation diagram,e863d60baca2649d2deb357ea53713f58411ded9b7824765714753c471286bd1,P02 event delegation — A nested target is resolved to the action and row while the list owns the listener,Locally generated illustrative SVG and PNG,not_applicable
V16,DIAGRAM_16_EVIDENCE_LADDER.png,Evidence ladder,f6ce162f308c792d9c4a428059e7002bb9f0c1c47ae0849a8094474436c739b1,"Evidence ladder — Use the strongest class actually observed, without upgrading weaker evidence",Locally generated illustrative SVG and PNG,not_applicable
V17,DIAGRAM_17_GEMINI_AUDIT_FLOW.png,Gemini audit flow,fb2b7d5cf2f6264884aa1ff3b61dafaf0341ec33a47539f18a578506b2331d03,"Gemini audit flow — The model response is a claim source, not the final authority",Locally generated illustrative SVG and PNG,not_applicable
V18,DIAGRAM_18_MOODLE_FLOW.png,Moodle flow,b34033a4daef567dc1aa03d61e7a89ec56e704f0a77f76ab65ca3871c0f3ddf8,Moodle submission flow — Saving is not necessarily final submission,Locally generated illustrative SVG and PNG,not_applicable
