relative_path,bytes,sha256,classification
ACTIVE_FIELDS_GUIDE.html,4170,f21bbb4d9b74afa44db21dc092b8894b53be5fa4bf2b47e04e9241d634ea5da4,PUBLIC_STUDENT_RELEASE_CANDIDATE_NOT_FINAL
ACTIVE_FIELDS_GUIDE.md,3675,38791faa6ba0743c3922ad3637896bf396e28613d2ed578af0c3a7cdeb67f381,PUBLIC_STUDENT_RELEASE_CANDIDATE_NOT_FINAL
CANONICAL_SOURCES.json,29475,f0cab3718ab0fbe86026ab1d3cf9b77dd059b9a04e39392e476f9941a469ea5e,PUBLIC_STUDENT_RELEASE_CANDIDATE_NOT_FINAL
CHANGELOG_RC4.md,483,af68c9e190399192c100eefd5cf2af099d9ec6b549b89bb8b1f59e1e92795b65,PUBLIC_STUDENT_RELEASE_CANDIDATE_NOT_FINAL
CHANGELOG_RC6.md,759,d296eb0c38deda77e5af81f81a59cab145850a3d4b6722cb401911c0c7e3ce0c,PUBLIC_STUDENT_RELEASE_CANDIDATE_NOT_FINAL
CHECK_ENVIRONMENT.cmd,82,9bac045bb4c7e774ccdff864514d8aaa54ea7c1c91ac45ac9e64b0aab3261fba,PUBLIC_STUDENT_RELEASE_CANDIDATE_NOT_FINAL
CHECK_ENVIRONMENT.sh,118,bf963eb7abc9dcc5422927df2484bf89f1a62b2fe6de466bcf96f90b78d5902f,PUBLIC_STUDENT_RELEASE_CANDIDATE_NOT_FINAL
CLASSROOM_RC6/CLASSROOM_BOUNDARY.json,1891,7fa544d46f9c3e7f5d723f6769f2fe4b0788781208bba24610f346ec68ed3452,PUBLIC_STUDENT_RELEASE_CANDIDATE_NOT_FINAL
CLASSROOM_RC6/CLASSROOM_PLAN_EN_GB.md,6009,2d6dc88fc28e7a7bebf02b0711637bacc3f46bb34c4f4de79fc12058b824784a,PUBLIC_STUDENT_RELEASE_CANDIDATE_NOT_FINAL
CLASSROOM_RC6/CLASSROOM_SCOPE.json,2311,7da8fce0397318324678e876aa24df0f7f091023f253efd24599e587824456b1,PUBLIC_STUDENT_RELEASE_CANDIDATE_NOT_FINAL
CLASSROOM_RC6/EVIDENCE_FORM.html,33858,42acd18bce487a8258b0f4d813763daaab7d54c52f864fe4a5bfd5afed9d216e,PUBLIC_STUDENT_RELEASE_CANDIDATE_NOT_FINAL
CLASSROOM_RC6/GUIDE.html,8613,fbe426509662af5021536381990c03ef56db66c02d9867745038ab6559e86975,PUBLIC_STUDENT_RELEASE_CANDIDATE_NOT_FINAL
CLASSROOM_RC6/README.md,6009,2d6dc88fc28e7a7bebf02b0711637bacc3f46bb34c4f4de79fc12058b824784a,PUBLIC_STUDENT_RELEASE_CANDIDATE_NOT_FINAL
CLASSROOM_RC6/START.html,2507,f70c2e5340ca0f35198816fecc842aa6e963ad336804052c5571f7160c159609,PUBLIC_STUDENT_RELEASE_CANDIDATE_NOT_FINAL
CLASSROOM_RC6/check.mjs,2128,a727fade6aa0b77074562309a3de19910bbfd28a1a86581f7a0d74656cb002bf,PUBLIC_STUDENT_RELEASE_CANDIDATE_NOT_FINAL
CLASSROOM_RC6/support/cases.json,1410,501a96fa50a917ac9114f8f1a0edbb82e1aa1f3947ea60d1fcd95dc6015cb79b,PUBLIC_STUDENT_RELEASE_CANDIDATE_NOT_FINAL
CLASSROOM_RC6/support/checklist-app.mjs,4030,d657b0b48cc00f255e96e1cd617d80559d069b4bac47552542f8666ff41a6287,PUBLIC_STUDENT_RELEASE_CANDIDATE_NOT_FINAL
CLASSROOM_RC6/tests/baseline.test.mjs,501,51756d6385bdcc1ad819062297090e5671997e3ab1cae959ffc3bd1142ae5a2d,PUBLIC_STUDENT_RELEASE_CANDIDATE_NOT_FINAL
CLASSROOM_RC6/tests/objective.test.mjs,1066,d60e811d1a3c51b843d04e453d91cca5a5a061e4f6243a00bc3bf86c47507e24,PUBLIC_STUDENT_RELEASE_CANDIDATE_NOT_FINAL
CLASSROOM_RC6/try.mjs,1138,91eabb416cf1e7bf669e7335c1cef9f637afebd61bfb8547f1ea6a22a3e48a98,PUBLIC_STUDENT_RELEASE_CANDIDATE_NOT_FINAL
CLASSROOM_RC6/verify.mjs,4944,e0928e6062d1b0f86409c229291cf6511d2f19550a9396d5c07a2943226df6ff,PUBLIC_STUDENT_RELEASE_CANDIDATE_NOT_FINAL
DERIVED_CARRIER.json,6284,1eb0ba28ec13d09bb833daad6fba74413c90d9209007e299d47e6e06eedd5ca2,PUBLIC_STUDENT_RELEASE_CANDIDATE_NOT_FINAL
GEMINI_FLAWED_CLAIM_EN_GB.txt,287,9ed15523be7a4435a8acf0bd2b184b38f743394eb2dfb9a45f37c88dcb6959dd,PUBLIC_STUDENT_RELEASE_CANDIDATE_NOT_FINAL
GEMINI_PROMPT_EN_GB.txt,675,00c6e61f833f72a096323ee0d720c4f10af5e6c571e49e685f84e15d13f0ca6d,PUBLIC_STUDENT_RELEASE_CANDIDATE_NOT_FINAL
GEMINI_WORKSHEET_EN_GB.md,458,0c4dc8a3c284dffd006639965da2ac9b9fe3e11cd453dd73c93558f04b32c711,PUBLIC_STUDENT_RELEASE_CANDIDATE_NOT_FINAL
KIT_CONFIG.json,1522,2edf73f4326a271f3e9db9aeef41f5eb49d12c716aba36f53cacde8e2e4cf6cc,PUBLIC_STUDENT_RELEASE_CANDIDATE_NOT_FINAL
OPEN_BEGINNER_GUIDE.cmd,83,f59bec215a6f2bc4d0e43ec3698fb2ae8717eb58c0b3b9970155049fe183531f,PUBLIC_STUDENT_RELEASE_CANDIDATE_NOT_FINAL
OPEN_BEGINNER_GUIDE.sh,271,f51f46d19e2b8a7030297572edf932774b3bddfbd29e5cb7e6c743e63f77a2c3,PUBLIC_STUDENT_RELEASE_CANDIDATE_NOT_FINAL
OPEN_EVIDENCE_FORM.cmd,64,a2333f14a9eef53359d75c5adb06f582c7ea7a46bd353f1480f50688a77137c8,PUBLIC_STUDENT_RELEASE_CANDIDATE_NOT_FINAL
OPEN_EVIDENCE_FORM.sh,233,5b2d15673cc53fbb606594c1112de503e0513d7361d2973ba7542178f7620346,PUBLIC_STUDENT_RELEASE_CANDIDATE_NOT_FINAL
PACKAGE_ID_METHOD.md,330,5751f6ef5d1b71958b6811539abd17b5fa95e66be0bd43ab545433087ecf04da,PUBLIC_STUDENT_RELEASE_CANDIDATE_NOT_FINAL
PRODUCTION_EVIDENCE_REVIEW_EN_GB.md,1162,1a39c26f1a0c34fccc1542b8f94a768b812afe52cc480ea6bcfee6bc78653c90,PUBLIC_STUDENT_RELEASE_CANDIDATE_NOT_FINAL
PUBLIC_STATUS.json,610,35c68bb57292418e26a1ff03c54e35fb1ee029d78e6613164fbcb217067c99a7,PUBLIC_STUDENT_RELEASE_CANDIDATE_NOT_FINAL
README.md,1060,27ed7041dd3207876eaeac6ca203f158932781212606cd4a85fa2bf5fa911303,PUBLIC_STUDENT_RELEASE_CANDIDATE_NOT_FINAL
S14_EVIDENCE_FORM_EN_GB_v1.2.1.docx,39296,14d83ffe7754b6f3148e2853f0bf26c20b4c827e12c8f1a6a776973d70e62f61,PUBLIC_STUDENT_RELEASE_CANDIDATE_NOT_FINAL
S14_EVIDENCE_FORM_EN_GB_v1.2.1.html,37580,4fb2b9debeef500ccfebfa0449118876f428ede61d7801a5c7fff6ac24157968,PUBLIC_STUDENT_RELEASE_CANDIDATE_NOT_FINAL
S14_INTERACTIVE_ULTRA_BEGINNER_GUIDE_EN_GB_v1.2.1.html,52743,cf2518d973536f5135200db8cfb4c6089b9a19c7a8f44f8a29b451812011f7b9,PUBLIC_STUDENT_RELEASE_CANDIDATE_NOT_FINAL
S14_PRESENTATION_EN_GB_v1.2.1.html,6071,dc113750933694936d7487b806a2650fe423190ee8c8600775a66f06edc71dbf,PUBLIC_STUDENT_RELEASE_CANDIDATE_NOT_FINAL
S14_RUBRIC_DESCRIPTORS_PROPOSED.html,4041,7fa03f022d80c197cb36e11d01be8bc47c0f7e01d5336f4294fba36a71410021,PUBLIC_STUDENT_RELEASE_CANDIDATE_NOT_FINAL
S14_RUBRIC_DESCRIPTORS_PROPOSED.md,3480,8435404c1c5c570c213e3dddf1a4540e95dd97d45cc1d5804a4b319600fcf66e,PUBLIC_STUDENT_RELEASE_CANDIDATE_NOT_FINAL
STATUS_SERVERS.cmd,77,5b32984a9531fd3ba42af1d4f7c47129bc383e7092f20ff941e9cbb1d57fd30a,PUBLIC_STUDENT_RELEASE_CANDIDATE_NOT_FINAL
STATUS_SERVERS.sh,113,e07c2daacc1d898d2551bb0022f6e44d98f95b05611b5ce1addb4759c3b5a415,PUBLIC_STUDENT_RELEASE_CANDIDATE_NOT_FINAL
STOP_SERVERS.cmd,75,565bc7f3539ae96dad78486efdfb34f605faf934e60e7579452d036c0234f152,PUBLIC_STUDENT_RELEASE_CANDIDATE_NOT_FINAL
STOP_SERVERS.sh,111,2fd19d90b75db774f160ffc4376b2a4858cc662fcca752b07b47f39a839f59ce,PUBLIC_STUDENT_RELEASE_CANDIDATE_NOT_FINAL
TEST_PROJECT_1.cmd,75,09cc1e56285a1875f0f5de67ca3a80998de799679a1fe0c79ee0102f51db1df7,PUBLIC_STUDENT_RELEASE_CANDIDATE_NOT_FINAL
TEST_PROJECT_1.sh,111,4b60fe710a1ef961218d5f9c64953428c97042f69047e4bec3e5db88fb2cfe02,PUBLIC_STUDENT_RELEASE_CANDIDATE_NOT_FINAL
VERIFY_INITIAL_STATE.cmd,78,e22a060bdf2580dcf0b42b1a83854fecb2415ad10de8912aec77c73089fea8fb,PUBLIC_STUDENT_RELEASE_CANDIDATE_NOT_FINAL
VERIFY_INITIAL_STATE.sh,114,b3cd57cb29000e90c83409a341c89ba23b7b04c4460b3f567c7a5fc70036f67d,PUBLIC_STUDENT_RELEASE_CANDIDATE_NOT_FINAL
VERIFY_PACKAGE.cmd,77,da252053384077d72fc6ec1262a0333431618f6490f8889df25a47df02823c7d,PUBLIC_STUDENT_RELEASE_CANDIDATE_NOT_FINAL
VERIFY_PACKAGE.sh,113,87a7d97a8f5b92e36f721ff364792706975fe18d2bd5112a2be648d24ce09059,PUBLIC_STUDENT_RELEASE_CANDIDATE_NOT_FINAL
VERIFY_WORK_RESULT.cmd,75,b037a0479fae72de60b6f25b842701f7f210b583d1512967076dffb4a73e12b2,PUBLIC_STUDENT_RELEASE_CANDIDATE_NOT_FINAL
VERIFY_WORK_RESULT.sh,111,412a8a95919a548d0a9656b24d74f4355d1b0f4bd06c2c944659d75640a5d81a,PUBLIC_STUDENT_RELEASE_CANDIDATE_NOT_FINAL
assets/boundaries.svg,844,9c0f9deb523e28b58210769e629c9db5adc49d858bf6fc2510c39e9ad7ca4bc0,PUBLIC_STUDENT_RELEASE_CANDIDATE_NOT_FINAL
assets/evidence-schema.json,31833,cdebb185112d8d0a43ecbf6a1021144161e982fec09975ec45f7b6cf04728424,PUBLIC_STUDENT_RELEASE_CANDIDATE_NOT_FINAL
assets/gates.svg,840,e16ff8a45b4ee7b33f1ad6aba81692e5f5bbcb89f3143c7284049334b8f03313,PUBLIC_STUDENT_RELEASE_CANDIDATE_NOT_FINAL
assets/guide-steps.json,18100,93c61ca47e4874f85e22cce280c08f3c82e99691c140f02ee7e44cecbf723dde,PUBLIC_STUDENT_RELEASE_CANDIDATE_NOT_FINAL
assets/mutations.svg,846,81193b1586f6ee073f06ed3a98ea16060ee5a12a7a2ab471694ede6c5ff5f978,PUBLIC_STUDENT_RELEASE_CANDIDATE_NOT_FINAL
assets/persistence.svg,844,e5ca6408370a56af20d9c2b5c6bbd66c646bc92ace9ef7bf6f335df40b085db1,PUBLIC_STUDENT_RELEASE_CANDIDATE_NOT_FINAL
assets/student-form-focus.js,8997,daec559889ebcd8fb5c294a605f96100f825497cf385874c56fea52490a4f579,PUBLIC_STUDENT_RELEASE_CANDIDATE_NOT_FINAL
assets/submission.svg,830,861a91946ca94df5e2f7a9433a33a18d24cc6b6926153eb777a210dbeda9eba1,PUBLIC_STUDENT_RELEASE_CANDIDATE_NOT_FINAL
assets/workspace.svg,820,a98893a7ee88b537f13f40914aa9dd532d83a56b2260cf819ace6140648e7324,PUBLIC_STUDENT_RELEASE_CANDIDATE_NOT_FINAL
index.html,2739,8a23e5be5accc562f8bebf604678be9dc8d129f9e8adf6ed6a4045ba933dac54,PUBLIC_STUDENT_RELEASE_CANDIDATE_NOT_FINAL
projects/p01/CONTRACT.md,391,be70c775d10707f11ad456b35b40ef41fa4290f42e32f2290e99108a7592f7ad,PUBLIC_STUDENT_RELEASE_CANDIDATE_NOT_FINAL
projects/p01/student/README.md,3888,e8280a053a33822df70dcc234e29af556f09a819da4a2ad39ebe41d07020ad69,PUBLIC_STUDENT_RELEASE_CANDIDATE_NOT_FINAL
projects/p01/student/example.mjs,243,0da41cb19cbf0c633fdc65421bda58e5e12d0b2028cda6423b267fc3896a115f,PUBLIC_STUDENT_RELEASE_CANDIDATE_NOT_FINAL
projects/p01/student/package-lock.json,219,6a053989516fe55771f25494c86c966c00965dc821200f4af19abb57a87dcfea,PUBLIC_STUDENT_RELEASE_CANDIDATE_NOT_FINAL
projects/p01/student/package.json,434,7bbdf1e0187882a75c43952d8006066903851bc8b810ef6626ce065bfaede39d,PUBLIC_STUDENT_RELEASE_CANDIDATE_NOT_FINAL
projects/p01/student/src/checklist-app.mjs,4030,d657b0b48cc00f255e96e1cd617d80559d069b4bac47552542f8666ff41a6287,PUBLIC_STUDENT_RELEASE_CANDIDATE_NOT_FINAL
projects/p01/student/src/regression-harness.mjs,1179,4c2db788149337a43ffdf430d3d1634ff5bdbe78a7d936f332ed273f7416dfc5,PUBLIC_STUDENT_RELEASE_CANDIDATE_NOT_FINAL
projects/p01/student/tests/baseline.test.mjs,807,631489d3966b7278049f374fbc52b0f2917465d2c34e0586a606680f61d736d7,PUBLIC_STUDENT_RELEASE_CANDIDATE_NOT_FINAL
projects/p01/student/tests/objective.test.mjs,3240,835bafc2c9c1b6e34ea6b340355c99865681d0d19d856932ad1a4bfbcecec12e,PUBLIC_STUDENT_RELEASE_CANDIDATE_NOT_FINAL
projects/p01/student/tests/regression.test.mjs,1280,38c5a6c9b8371f040914156d435bae998aa264e1e0328f84acada401933b736b,PUBLIC_STUDENT_RELEASE_CANDIDATE_NOT_FINAL
projects/p01/student/tests/runtime-oracle.mjs,8645,8e06321581adf1573f6a9dd401b287fff27ac6fa7bda53006f72e10e4438c9d6,PUBLIC_STUDENT_RELEASE_CANDIDATE_NOT_FINAL
projects/p02/CONTRACT.md,388,a3ffa6027429f32b7ab2c0a0f620f4ed36169b11308f573fe73a485557200c19,PUBLIC_STUDENT_RELEASE_CANDIDATE_NOT_FINAL
projects/p02/student/README.md,456,7d4c0da111ea71228cbef716709647e31aa97cdeb69457f9a273a9c87cac8799,PUBLIC_STUDENT_RELEASE_CANDIDATE_NOT_FINAL
projects/p02/student/example.mjs,844,095ffda5e9f20a69f2235d1ad7af1ad6ff55fc084306f718fa901db73621a28a,PUBLIC_STUDENT_RELEASE_CANDIDATE_NOT_FINAL
projects/p02/student/package-lock.json,219,1dab501b419af82630b883162f3984af5d0b029fc11cd14940330987905025f1,PUBLIC_STUDENT_RELEASE_CANDIDATE_NOT_FINAL
projects/p02/student/package.json,434,87f9e265758f3f6c79d89bb0e8ecc436e51e1db5cccf82ffa0b53e3b0e74b8ac,PUBLIC_STUDENT_RELEASE_CANDIDATE_NOT_FINAL
projects/p02/student/src/load-probe.mjs,323,312e47ffd229b75d575b225ad7462693420fc4a6d90c8aeba194b1949d650b18,PUBLIC_STUDENT_RELEASE_CANDIDATE_NOT_FINAL
projects/p02/student/src/probe-server.mjs,1106,0c97871c3d6aa8c3311b6583687117203585cc166ab99ee52fcb13b956130193,PUBLIC_STUDENT_RELEASE_CANDIDATE_NOT_FINAL
projects/p02/student/src/statistics.mjs,446,bf61c8c841c27d82367b3638b51c31a156d766c24e7392faf049bd20a323cb6e,PUBLIC_STUDENT_RELEASE_CANDIDATE_NOT_FINAL
projects/p02/student/tests/baseline.test.mjs,754,369693001544ba301410e6a60a99b877b42c9184602368c40119551b8a613010,PUBLIC_STUDENT_RELEASE_CANDIDATE_NOT_FINAL
projects/p02/student/tests/helpers.mjs,591,b1a2d99ac664bbffa0893840eed269241e788d85fd2c6b51f50aa57e6be167c1,PUBLIC_STUDENT_RELEASE_CANDIDATE_NOT_FINAL
projects/p02/student/tests/objective.test.mjs,4512,689f8a559db984df55ab968fc037eb48e7ddc7401b5b5ea093e0201124da585d,PUBLIC_STUDENT_RELEASE_CANDIDATE_NOT_FINAL
projects/p02/student/tests/regression.test.mjs,1239,2431480cef854c754bee65e7bb75631b252a343c2d72d2ea94a1d199a79e6d28,PUBLIC_STUDENT_RELEASE_CANDIDATE_NOT_FINAL
projects/p03/CONTRACT.md,410,5308488790d1c620dd5b34a2141f23a242c3b08ad35a895c6692a36aa72dcbfe,PUBLIC_STUDENT_RELEASE_CANDIDATE_NOT_FINAL
projects/p03/student/README.md,713,86c1613a10f5ccc770429c2d6f45dab0f628fbe96d42fb78648d2345ecf2948d,PUBLIC_STUDENT_RELEASE_CANDIDATE_NOT_FINAL
projects/p03/student/example.mjs,486,a3b95f60c178c8d4e5ec82c4fc8865ed0a8e0dd95854b826e1bca903014cf0e4,PUBLIC_STUDENT_RELEASE_CANDIDATE_NOT_FINAL
projects/p03/student/fixture-app/.gitignore,16,14c77ca6e9bf97d7e5e6a94fd97a8a1815285096800991ca4f884d4702074637,PUBLIC_STUDENT_RELEASE_CANDIDATE_NOT_FINAL
projects/p03/student/fixture-app/package-lock.json,162,1e51b60524af898adef6f2e237a5b1c3ae9eb44a77f7a73100b9fa631c9a0658,PUBLIC_STUDENT_RELEASE_CANDIDATE_NOT_FINAL
projects/p03/student/fixture-app/package.json,162,47c87c7cabd2e7401a49f40dd58c7da2592dfb9d3ccbdcc16dba3961b09e47e3,PUBLIC_STUDENT_RELEASE_CANDIDATE_NOT_FINAL
projects/p03/student/fixture-app/scripts/build.mjs,135,b2d72d29655bcd0be649d957fba502ac568efb645d6af4381247b7b297199729,PUBLIC_STUDENT_RELEASE_CANDIDATE_NOT_FINAL
projects/p03/student/fixture-app/src/server.mjs,832,eb1547e8fbb81f826952083abd463deb8700405589316420f175ef7fadb7377c,PUBLIC_STUDENT_RELEASE_CANDIDATE_NOT_FINAL
projects/p03/student/package-lock.json,235,73f8cc7ce14994d8c3b8622b313ebe8a5dcd763c480cfd0ef3b1a4ecddffd003,PUBLIC_STUDENT_RELEASE_CANDIDATE_NOT_FINAL
projects/p03/student/package.json,545,c7cb80f666ea91f6cbd06d1110bf1038ad19b8c526ac584ed0a97b38894e89bd,PUBLIC_STUDENT_RELEASE_CANDIDATE_NOT_FINAL
projects/p03/student/src/evidence-fixtures.mjs,1734,a333049a0c927267d21021f3bc9446fb7112c28498905f910e0e6935a03978ab,PUBLIC_STUDENT_RELEASE_CANDIDATE_NOT_FINAL
projects/p03/student/src/production-review.mjs,691,8e7629f9a04b3d31176b92146a6d01384e998bc8d45b581e07c292d7d77b974f,PUBLIC_STUDENT_RELEASE_CANDIDATE_NOT_FINAL
projects/p03/student/src/safe-runner.mjs,4181,14091267e767e1ace98ec83425fbc714263b502fa1ec7a060d57f380c9c4eafb,PUBLIC_STUDENT_RELEASE_CANDIDATE_NOT_FINAL
projects/p03/student/tests/baseline.test.mjs,894,3331144884d3a9adcb49cdeba1ae949977045139551a9426e937c032de8e1ef9,PUBLIC_STUDENT_RELEASE_CANDIDATE_NOT_FINAL
projects/p03/student/tests/commands.integration.test.mjs,870,2755fe9d7db1ace40e84dd4ed03bc1113fbcc88b2aa88d4e03091e061b97ce43,PUBLIC_STUDENT_RELEASE_CANDIDATE_NOT_FINAL
projects/p03/student/tests/helpers.mjs,478,c08362b5752ecb12a4465270bfdbbd8bf1ca1b1abaf5a1d050d5b15b11c85b5b,PUBLIC_STUDENT_RELEASE_CANDIDATE_NOT_FINAL
projects/p03/student/tests/objective.test.mjs,3161,12efdb7236fd2fd02c5bf8c0d072e3ca625212b9bf69eae478b901149bfb9991,PUBLIC_STUDENT_RELEASE_CANDIDATE_NOT_FINAL
projects/p03/student/tests/regression.test.mjs,1421,a414f5d229e873d6a86edfc59b21f5c845bf5929434ced7a77302c1ccc3e8631,PUBLIC_STUDENT_RELEASE_CANDIDATE_NOT_FINAL
projects/p04/CONTRACT.md,129,c83095507796925cc4a90fca2b1e07ac25dddfdb61755712520c1553819c3b3b,PUBLIC_STUDENT_RELEASE_CANDIDATE_NOT_FINAL
tools/form-core.js,5783,60c60a9f7f95eb8270e071322d9d7496ec79c5b75a964b6a71b2882f10d1b331,PUBLIC_STUDENT_RELEASE_CANDIDATE_NOT_FINAL
tools/kit.mjs,10881,331ff4dfd559f148ebb9b328e92db3e110d304a2fe71d581432cab9f1fd9d82e,PUBLIC_STUDENT_RELEASE_CANDIDATE_NOT_FINAL
tools/production-review-template.json,1941,c7c5f1dd2c6b0f0da233fd54fe92f3062e277a2122d8bf183a5484c11817027f,PUBLIC_STUDENT_RELEASE_CANDIDATE_NOT_FINAL
